ID,CMD1region,RA,Dec,Jmag,eJmag,Kmag,eKmag,jMINUSk,ERRORjMINUSk
2095,5,296.18646,-14.79796,19.467,0.181,17.323,0.055,2.144,0.18917188
2377,5,296.24116,-14.93741,18.914,0.113,16.912,0.039,2.002,0.119540788
2619,5,296.25967,-14.71721,19.079,0.124,16.905,0.034,2.174,0.128576825
3229,5,296.1962,-14.94345,18.751,0.098,17.332,0.06,1.419,0.114908659
3313,5,296.29221,-14.79543,18.879,0.109,16.956,0.041,1.923,0.116456
3462,5,296.28499,-14.92403,18.702,0.094,17.069,0.044,1.633,0.103788246
3826,5,296.27972,-14.93083,19.117,0.133,17.321,0.055,1.796,0.143923591
3850,5,296.06943,-14.86698,18.444,0.087,16.906,0.037,1.538,0.094540996
3938,5,296.18582,-14.76249,18.345,0.07,16.915,0.039,1.43,0.080131143
4101,5,296.33242,-14.90311,19.212,0.117,17.27,0.049,1.942,0.126846364
4218,5,296.19496,-14.79079,18.465,0.078,17.061,0.044,1.404,0.089554453
4278,5,296.18677,-14.74649,18.432,0.075,17.027,0.043,1.405,0.086452299
4447,5,296.29521,-14.79666,19.563,0.193,17.336,0.057,2.227,0.201241149
4784,5,296.1666,-14.85066,18.845,0.108,16.982,0.041,1.863,0.115520561
4891,5,296.09039,-14.81615,18.465,0.089,17.111,0.051,1.354,0.1025768
5148,5,296.13134,-14.82919,18.901,0.113,17.311,0.055,1.59,0.125674182
5320,5,296.29667,-14.84896,18.576,0.084,16.975,0.041,1.601,0.093471921
5445,5,296.38388,-14.86289,18.877,0.088,17.221,0.047,1.656,0.099764723
5778,5,296.20497,-14.85349,18.774,0.101,17.217,0.05,1.557,0.112698713
5819,5,296.07772,-14.93846,18.85,0.103,17.051,0.069,1.799,0.123975804
6201,5,296.29434,-14.76099,18.542,0.082,17.16,0.053,1.382,0.097637083
9287,5,296.21135,-14.85114,18.683,0.094,17.33,0.055,1.353,0.108908218
9377,5,296.22983,-14.83735,18.629,0.09,17.309,0.054,1.32,0.104957134
9767,5,296.25376,-14.72201,18.585,0.081,17.236,0.045,1.349,0.092660671
9966,5,296.30176,-14.84017,18.595,0.085,17.267,0.052,1.328,0.099644368
10023,5,296.19977,-14.81035,18.614,0.089,17.345,0.056,1.269,0.105152271
10113,5,296.15124,-14.72794,18.788,0.101,17.237,0.051,1.551,0.113145923
11119,5,296.04134,-14.80475,18.681,0.106,17.334,0.054,1.347,0.118962179
12119,5,296.28398,-14.93742,18.678,0.091,16.975,0.054,1.703,0.105815878
14847,5,296.16602,-14.82102,19.049,0.127,17.339,0.056,1.71,0.138798415
14919,5,296.226,-14.79249,18.508,0.082,17.154,0.048,1.354,0.095015788
15165,5,296.15721,-14.77985,18.601,0.087,17.134,0.047,1.467,0.09888377
16525,5,296.20754,-14.74741,19.253,0.151,17.254,0.052,1.999,0.159702849
18334,5,296.3048,-14.67508,19.243,0.141,16.889,0.034,2.354,0.145041373
18777,5,296.41234,-14.78829,18.762,0.08,17.017,0.04,1.745,0.089442719
19293,5,296.16115,-14.89973,18.792,0.103,17.118,0.046,1.674,0.112805142
19861,5,296.12985,-14.82567,19.346,0.163,17.063,0.044,2.283,0.168834238
20898,5,296.30948,-14.80792,19.165,0.138,16.994,0.047,2.171,0.145784087
323,5,296.24518,-14.84766,18.731,0.098,16.854,0.037,1.877,0.104752088
451,5,296.22233,-14.9099,19.303,0.156,16.295,0.023,3.008,0.157686398
495,5,296.21259,-14.80132,19.159,0.142,16.253,0.023,2.906,0.143850617
694,5,296.30872,-14.8658,19.182,0.139,16.588,0.029,2.594,0.141992958
734,5,296.23407,-14.68634,18.404,0.07,16.343,0.022,2.061,0.073375745
783,5,296.20345,-14.78944,18.498,0.081,16.259,0.023,2.239,0.084202138
857,5,296.14661,-14.85973,18.627,0.09,16.26,0.023,2.367,0.092892411
1070,5,296.40278,-14.79796,18.368,0.058,16.283,0.022,2.085,0.06203225
1091,5,296.24964,-14.71938,18.472,0.078,16.584,0.031,1.888,0.083934498
1111,5,296.3106,-14.78295,18.859,0.107,16.593,0.033,2.266,0.111973211
1154,5,296.27749,-14.87469,18.677,0.092,16.294,0.023,2.383,0.094831429
1196,5,296.2599,-14.7479,18.354,0.07,16.654,0.032,1.7,0.076967526
1316,5,296.31143,-14.83887,18.594,0.085,16.392,0.025,2.202,0.088600226
1346,5,296.22772,-14.76104,18.418,0.076,16.382,0.025,2.036,0.08000625
1595,5,296.36622,-14.78454,18.327,0.056,16.774,0.033,1.553,0.065
2239,5,296.20377,-14.85092,18.389,0.073,16.473,0.027,1.916,0.077833155
2272,5,296.38097,-14.84534,18.461,0.063,16.578,0.028,1.883,0.068942005
2322,5,296.23242,-14.79319,18.301,0.068,16.644,0.031,1.657,0.074732858
3456,5,296.16202,-14.96085,18.719,0.094,16.873,0.041,1.846,0.102552426
3700,5,296.23721,-14.73918,18.568,0.085,16.855,0.038,1.713,0.093107465
3964,5,296.22223,-14.7447,18.303,0.069,16.693,0.033,1.61,0.076485293
5772,5,296.25817,-14.80767,18.305,0.068,16.815,0.036,1.49,0.076941536
12589,5,296.21159,-14.78562,18.61,0.089,16.532,0.028,2.078,0.093300589
15345,5,296.24015,-14.75854,18.676,0.093,16.828,0.037,1.848,0.10008996
94,5,296.19855,-14.71823,18.579,0.081,15.278,0.01,3.301,0.08161495
102,5,296.38612,-14.85478,19.305,0.125,15.861,0.016,3.444,0.12601984
106,5,296.29324,-14.90859,17.938,0.05,15.398,0.012,2.54,0.051419841
117,5,296.42594,-14.78076,19.301,0.125,15.225,0.01,4.076,0.125399362
153,5,296.25735,-14.77634,18.777,0.1,15.449,0.012,3.328,0.100717426
164,5,296.36525,-14.7382,18.52,0.066,15.162,0.009,3.358,0.06661081
180,5,296.35531,-14.71987,17.886,0.04,15.039,0.009,2.847,0.041
203,5,296.19679,-14.7511,18.738,0.098,15.035,0.009,3.703,0.098412398
243,5,296.15348,-14.74935,17.719,0.042,14.88,0.008,2.839,0.042755117
262,5,296.25351,-14.76931,17.572,0.037,15.035,0.009,2.537,0.038078866
270,5,296.16417,-14.701,18.739,0.093,15.354,0.01,3.385,0.093536089
286,5,296.27052,-14.73476,17.683,0.041,15.153,0.01,2.53,0.042201896
299,5,296.26108,-14.73758,17.45,0.034,15.07,0.009,2.38,0.035171011
313,5,296.25864,-14.73678,17.718,0.042,15.452,0.013,2.266,0.043965896
316,5,296.22874,-14.79328,18.5,0.081,15.927,0.018,2.573,0.0829759
319,5,296.1512,-14.90698,19.145,0.138,15.428,0.012,3.717,0.138520757
327,5,296.27563,-14.74918,19.367,0.164,15.976,0.019,3.391,0.165096941
342,5,296.28421,-14.81188,16.919,0.022,14.778,0.008,2.141,0.0234094
348,5,296.18379,-14.68244,17.629,0.037,14.965,0.008,2.664,0.037854986
350,5,296.24753,-14.82685,17.756,0.043,15.195,0.01,2.561,0.04414748
351,5,296.24298,-14.83828,17.831,0.047,15.523,0.013,2.308,0.048764741
361,5,296.09812,-14.78564,19.207,0.145,16.07,0.02,3.137,0.146372812
365,5,296.2992,-14.69142,17.723,0.04,15.237,0.01,2.486,0.041231056
367,5,296.38771,-14.87301,17.766,0.036,15.057,0.009,2.709,0.037107951
368,5,296.17956,-14.77517,18.045,0.055,15.468,0.012,2.577,0.056293872
385,5,296.17297,-14.7113,18.417,0.071,15.745,0.014,2.672,0.07236712
399,5,296.0803,-14.91414,18.568,0.096,15.333,0.011,3.235,0.096628153
406,5,296.20155,-14.81271,18.303,0.069,15.481,0.013,2.822,0.070213959
407,5,296.21728,-14.77642,17.87,0.048,15.394,0.012,2.476,0.049477268
411,5,296.30182,-14.90358,18.394,0.072,15.374,0.011,3.02,0.072835431
417,5,296.10117,-14.92425,18.414,0.075,15.688,0.015,2.726,0.076485293
421,5,296.15848,-14.83374,17.91,0.049,15.094,0.009,2.816,0.049819675
437,5,296.18201,-14.78494,18.635,0.09,16.088,0.02,2.547,0.092195445
439,5,296.23456,-14.77322,17.275,0.03,15.107,0.01,2.168,0.031622777
442,5,296.20242,-14.8177,17.872,0.048,15.577,0.013,2.295,0.049729267
456,5,296.17461,-14.78841,18.057,0.056,15.699,0.015,2.358,0.057974132
481,5,296.26769,-14.68058,18.597,0.082,15.934,0.016,2.663,0.083546394
488,5,296.30353,-14.74166,17.877,0.047,15.513,0.016,2.364,0.049648766
498,5,296.19167,-14.82955,18.039,0.055,15.404,0.012,2.635,0.056293872
505,5,296.24052,-14.84932,18.845,0.108,15.623,0.014,3.222,0.108903627
508,5,296.30461,-14.71427,17.845,0.044,15.669,0.013,2.176,0.045880279
540,5,296.21112,-14.91068,19.013,0.123,16.092,0.02,2.921,0.124615408
565,5,296.22632,-14.72547,18.179,0.061,15.627,0.014,2.552,0.062585941
593,5,296.12413,-14.72402,18.18,0.058,15.734,0.014,2.446,0.059665736
595,5,296.32184,-14.8362,18.041,0.045,15.843,0.015,2.198,0.047434165
608,5,296.34788,-14.75763,18.643,0.073,16.059,0.018,2.584,0.075186435
616,5,296.18319,-14.76298,18.354,0.071,15.661,0.014,2.693,0.07236712
618,5,296.24557,-14.82234,17.694,0.042,15.566,0.013,2.128,0.043965896
620,5,296.22933,-14.65249,17.698,0.039,15.496,0.011,2.202,0.040521599
631,5,296.10421,-14.79254,17.933,0.05,15.67,0.014,2.263,0.05192302
643,5,296.22372,-14.83954,17.928,0.051,15.789,0.016,2.139,0.053450912
654,5,296.27779,-14.82281,18.45,0.077,16.004,0.019,2.446,0.07930952
661,5,296.16415,-14.84146,18.66,0.092,16.054,0.019,2.606,0.093941471
685,5,296.18369,-14.77243,17.568,0.037,15.38,0.012,2.188,0.038897301
692,5,296.15969,-14.85963,18.204,0.063,15.841,0.016,2.363,0.065
751,5,296.27219,-14.76137,18.044,0.054,15.641,0.014,2.403,0.055785303
771,5,296.24573,-14.79351,17.739,0.043,15.535,0.013,2.204,0.044922155
811,5,296.11263,-14.91131,18.481,0.079,15.422,0.012,3.059,0.079906195
812,5,296.06145,-14.8147,18.406,0.084,15.804,0.016,2.602,0.085510233
936,5,296.19488,-14.82261,18.242,0.065,15.829,0.016,2.413,0.066940272
1068,5,296.17439,-14.83888,18.485,0.08,16.084,0.02,2.401,0.082462113
1160,5,296.17514,-14.85969,17.985,0.053,15.672,0.014,2.313,0.05481788
1175,5,296.24627,-14.86645,17.841,0.046,15.636,0.014,2.205,0.048083261
1186,5,296.31615,-14.82493,19.144,0.11,15.412,0.011,3.732,0.110548632
1220,5,296.10461,-14.84272,18.108,0.058,15.826,0.016,2.282,0.060166436
1311,5,296.16007,-14.71459,17.793,0.042,15.666,0.013,2.127,0.043965896
1327,5,296.16806,-14.83692,18.081,0.057,15.934,0.018,2.147,0.059774577
1473,5,296.38454,-14.7362,18.139,0.048,16.008,0.018,2.131,0.051264022
1497,5,296.19254,-14.86781,18.078,0.057,15.865,0.017,2.213,0.059481089
1631,5,296.28272,-14.91359,27.265,5.897,15.262,0.011,12.003,5.897010259
1784,5,296.26704,-14.91036,17.84,0.046,15.701,0.015,2.139,0.048383882
1969,5,296.29507,-14.82566,18.237,0.064,15.995,0.019,2.242,0.066760767
1995,5,296.11257,-14.91157,18.481,0.079,15.422,0.012,3.059,0.079906195
2138,5,296.23264,-14.91174,18.228,0.064,16.082,0.02,2.146,0.067052218
2152,5,296.21695,-14.72789,18.572,0.085,16.228,0.022,2.344,0.087800911
2160,5,296.24275,-14.78727,18.35,0.07,16.192,0.022,2.158,0.073375745
9213,5,296.27406,-14.80375,17.995,0.052,15.591,0.014,2.404,0.053851648
9259,5,296.17133,-14.85966,18.479,0.079,15.916,0.017,2.563,0.080808415
11562,5,296.31209,-14.92194,18.17,0.06,15.792,0.016,2.378,0.062096699
13337,5,296.43114,-14.90797,18.447,0.062,16.015,0.018,2.432,0.06456005
14549,5,296.10329,-14.84317,18.206,0.063,15.585,0.013,2.621,0.064327288
16882,5,296.21879,-14.82095,18.485,0.08,15.488,0.013,2.997,0.081049368