,ID,RA,Dec,k36mag,e36mag,d36mag,k45mag,e45mag,d45mag,k58mag,e58mag,d58mag,k80mag,e80mag,d80mag,k24mag,e24mag,dstArcSec,RAJ2000,DEJ2000,Jmag,eJmag,Hmag,eHmag,Kmag,eKmag,CMD1region,CMD2region,CMD3region
93,94,296.19855,-14.718229999999998,13.11,0.04,-0.04,12.57,0.04,-0.02,11.96,0.03,0.01,11.61,0.03,0.12,11.01,0.07,0.11630316664838901,296.198517,-14.718225,18.579,0.081,16.801,0.022000000000000002,15.277999999999999,0.01,5,5,4
101,102,296.38612,-14.854779999999998,13.34,0.04,-0.04,12.61,0.07,-0.05,12.2,0.08,0.01,11.9,0.03,0.1,10.39,0.07,0.4465700080574989,296.386017,-14.854854000000001,19.305,0.125,17.554000000000002,0.045,15.860999999999999,0.016,5,5,4
116,117,296.42593999999997,-14.78076,13.5,0.1,0.03,12.75,0.12,0.02,12.53,0.07,0.1,11.89,0.06,0.02,11.58,0.3,0.0940496119119939,296.425964,-14.780772,19.301,0.125,17.178,0.032,15.225,0.01,5,5,4
152,153,296.25735,-14.77634,13.54,0.05,-0.04,12.96,0.05,-0.05,12.59,0.04,0.01,11.99,0.05,-0.05,11.92,0.25,0.21178916337599898,296.257294,-14.776363,18.777,0.1,17.017,0.034,15.449000000000002,0.012,5,5,4
163,164,296.36525,-14.7382,13.68,0.07,-0.04,13.01,0.07,-0.09,12.44,0.06,0.01,11.81,0.02,0.05,10.28,0.09,0.377519883851197,296.365143,-14.738217,18.52,0.066,16.849,0.025,15.162,0.009000000000000001,5,5,4
179,180,296.35531000000003,-14.719870000000002,13.58,0.05,-0.07,13.11,0.06,-0.09,12.72,0.04,-0.03,12.29,0.03,0.09,11.25,0.06,0.252864464566423,296.355316,-14.7198,17.886,0.04,16.389,0.017,15.039000000000001,0.009000000000000001,5,5,4
202,203,296.19678999999996,-14.7511,13.94,0.04,-0.06,13.22,0.03,-0.07,12.59,0.03,-0.04,11.91,0.02,0.06,10.58,0.08,0.16172482607089902,296.196747,-14.751083,18.738,0.098,16.730999999999998,0.027000000000000003,15.035,0.009000000000000001,5,5,4
242,243,296.15348,-14.74935,14.07,0.09,0.0,13.34,0.05,-0.07,12.83,0.02,-0.03,12.32,0.03,0.01,11.24,0.13,0.26988691032790096,296.153412,-14.749314000000002,17.719,0.042,16.32,0.019,14.88,0.008,5,5,4
261,262,296.25351,-14.76931,13.89,0.04,0.01,13.41,0.06,-0.03,13.07,0.04,-0.03,12.69,0.03,0.0,12.6,-9999.0,0.33797732761392796,296.253418,-14.769279999999998,17.572,0.037000000000000005,16.202,0.017,15.035,0.009000000000000001,5,5,4
269,270,296.16417,-14.700999999999999,14.07,0.06,-0.04,13.43,0.02,-0.04,12.78,0.05,-0.04,12.38,0.02,0.02,12.85,-9999.0,0.227818470022832,296.164124,-14.700954999999999,18.739,0.09300000000000001,16.924,0.024,15.354000000000001,0.01,5,5,4
285,286,296.27052000000003,-14.734760000000001,14.01,0.06,-0.03,13.47,0.05,-0.06,13.07,0.03,-0.04,12.67,0.03,0.08,11.86,0.22,0.254007628685155,296.270477,-14.734817000000001,17.683,0.040999999999999995,16.383,0.02,15.152999999999999,0.01,5,5,4
298,299,296.26108,-14.73758,13.9,0.05,-0.03,13.51,0.05,-0.05,13.18,0.05,0.01,12.74,0.03,0.03,13.32,-9999.0,0.12039968000213001,296.261047,-14.737570000000002,17.45,0.034,16.119,0.016,15.07,0.009000000000000001,5,5,4
312,313,296.25864,-14.73678,14.14,0.04,-0.03,13.53,0.02,-0.09,12.98,0.05,-0.03,12.06,0.04,0.01,9.97,0.04,0.47836684022546,296.258545,-14.736684,17.718,0.042,16.366,0.02,15.452,0.013000000000000001,5,5,4
315,316,296.22874,-14.79328,14.19,0.05,0.02,13.55,0.04,0.01,13.13,0.05,0.0,12.66,0.04,0.05,10.85,0.15,0.258850532222022,296.228668,-14.793298000000002,18.5,0.081,17.206,0.040999999999999995,15.927,0.018000000000000002,5,5,4
318,319,296.1512,-14.906979999999999,14.22,0.05,-0.08,13.56,0.03,-0.06,13.05,0.04,-0.01,12.53,0.04,0.02,12.07,0.29,0.269414529822561,296.151123,-14.906972,19.145,0.138,17.092,0.036000000000000004,15.427999999999999,0.012,5,5,4
322,323,296.24518,-14.847660000000001,14.4,0.05,-0.08,13.57,0.04,-0.07,12.89,0.04,-0.06,12.35,0.04,0.0,11.23,0.16,0.840711962505303,296.245392,-14.847772,18.730999999999998,0.098,17.762999999999998,0.064,16.854,0.037000000000000005,5,5,4
326,327,296.27563,-14.749179999999999,14.29,0.05,-0.01,13.58,0.06,-0.09,13.17,0.04,-0.01,12.75,0.02,0.03,12.1,-9999.0,0.20136650815829998,296.275574,-14.749166,19.367,0.16399999999999998,17.498,0.052000000000000005,15.975999999999999,0.019,5,5,4
347,348,296.18379,-14.68244,14.08,0.11,-0.07,13.64,0.07,0.0,13.03,0.05,-0.08,12.39,0.02,-0.01,10.57,0.06,0.40443122005830695,296.183685,-14.682392000000002,17.629,0.037000000000000005,16.201,0.013999999999999999,14.965,0.008,5,5,4
349,350,296.24753,-14.82685,14.02,0.06,-0.05,13.64,0.05,-0.05,13.36,0.04,0.01,13.05,0.05,0.17,11.12,0.14,0.279158913191717,296.247467,-14.826801999999999,17.756,0.043,16.442999999999998,0.021,15.195,0.01,5,5,4
350,351,296.24298,-14.83828,14.25,0.05,-0.01,13.64,0.04,-0.03,13.04,0.04,-0.05,12.61,0.04,0.06,11.44,0.24,0.210773814832406,296.24292,-14.838288,17.831,0.047,16.665,0.025,15.523,0.013000000000000001,5,5,4
360,361,296.09812,-14.785639999999999,14.46,0.08,0.02,13.67,0.05,-0.02,13.13,0.04,-0.01,12.68,0.04,0.04,11.59,0.21,0.190522629405703,296.09808300000003,-14.785601000000002,19.207,0.145,17.794,0.066,16.07,0.02,5,5,4
364,365,296.2992,-14.69142,14.08,0.04,-0.01,13.68,0.04,-0.04,13.49,0.09,-0.02,13.36,0.02,-0.03,12.09,-9999.0,0.131468615410875,296.299164,-14.691431,17.723,0.04,16.334,0.015,15.237,0.01,5,5,4
366,367,296.38771,-14.87301,14.18,0.05,-0.1,13.69,0.04,-0.1,13.23,0.04,-0.02,12.78,0.05,-0.02,12.01,0.22,0.371336710509661,296.387604,-14.873022,17.766,0.036000000000000004,16.38,0.017,15.057,0.009000000000000001,5,5,4
367,368,296.17956000000004,-14.775170000000001,14.11,0.09,0.11,13.7,0.06,0.07,13.31,0.04,0.0,13.04,0.06,0.06,12.56,-9999.0,0.0873214001108509,296.179535,-14.775172,18.045,0.055,16.736,0.027000000000000003,15.468,0.012,5,5,4
384,385,296.17297,-14.7113,14.14,0.05,-0.03,13.74,0.04,-0.07,13.49,0.05,0.06,13.17,0.05,0.03,11.72,0.28,0.423058112031137,296.172852,-14.711272,18.417,0.071,16.956,0.025,15.745,0.013999999999999999,5,5,4
398,399,296.0803,-14.91414,14.66,0.06,-0.02,13.81,0.06,-0.09,13.35,0.05,-0.03,13.03,0.11,0.19,11.66,0.19,0.136432354657187,296.080261,-14.914136,18.567999999999998,0.096,16.906,0.03,15.333,0.011000000000000001,5,5,4
405,406,296.20155,-14.812710000000001,14.36,0.03,0.04,13.83,0.04,-0.04,13.44,0.04,0.0,13.0,0.04,-0.07,13.9,-9999.0,0.5525744005589319,296.20159900000004,-14.812564000000002,18.303,0.069,16.778,0.027999999999999997,15.481,0.013000000000000001,5,5,4
406,407,296.21727999999996,-14.776420000000002,14.29,0.04,0.02,13.83,0.05,-0.08,13.72,0.04,-0.01,13.24,0.04,0.0,12.24,-9999.0,0.24023104013704397,296.21722400000004,-14.776381,17.87,0.048,16.599,0.024,15.394,0.012,5,5,4
410,411,296.30182,-14.903579999999998,14.43,0.04,-0.05,13.84,0.08,-0.09,13.39,0.06,-0.06,12.91,0.05,-0.03,11.62,0.13,0.5432568624352679,296.301666,-14.903604999999999,18.394000000000002,0.07200000000000001,16.837,0.028999999999999998,15.374,0.011000000000000001,5,5,4
416,417,296.10117,-14.92425,14.34,0.09,-0.08,13.86,0.04,-0.03,13.48,0.06,-0.03,13.12,0.05,-0.03,12.01,0.17,0.22636429928411997,296.10110499999996,-14.924253,18.414,0.075,16.96,0.032,15.687999999999999,0.015,5,5,4
420,421,296.15848,-14.833739999999999,14.25,0.04,-0.05,13.87,0.04,-0.03,13.6,0.04,-0.01,13.28,0.03,-0.03,12.71,-9999.0,0.235651761012617,296.158417,-14.833716,17.91,0.049,16.365,0.02,15.094000000000001,0.009000000000000001,5,5,4
436,437,296.18201,-14.784939999999999,14.36,0.03,-0.03,13.91,0.06,-0.05,13.66,0.02,0.0,13.41,0.03,0.03,12.66,-9999.0,0.331381266829734,296.181915,-14.784934,18.635,0.09,17.417,0.048,16.088,0.02,5,5,4
438,439,296.23456,-14.773220000000002,14.13,0.04,-0.06,13.91,0.06,-0.05,13.65,0.03,-0.1,13.32,0.02,-0.07,13.05,-9999.0,0.346098900287786,296.234467,-14.773185999999999,17.275,0.03,16.051,0.015,15.107000000000001,0.01,5,5,4
441,442,296.20242,-14.8177,14.16,0.04,-0.01,13.92,0.04,-0.03,13.7,0.05,-0.03,13.39,0.03,-0.01,12.57,-9999.0,0.118380331520016,296.20239300000003,-14.81768,17.872,0.048,16.667,0.026000000000000002,15.577,0.013000000000000001,5,5,4
450,451,296.22233,-14.9099,14.45,0.05,-0.04,13.93,0.03,-0.06,13.57,0.05,-0.07,13.33,0.04,0.06,12.71,-9999.0,0.256071216220649,296.22226,-14.909922,19.303,0.156,17.692999999999998,0.06,16.295,0.023,5,5,4
455,456,296.17461000000003,-14.78841,14.36,0.07,-0.07,13.95,0.04,-0.07,13.74,0.03,0.01,13.46,0.04,0.02,12.62,-9999.0,0.291556048760997,296.17453,-14.788434,18.057000000000002,0.055999999999999994,16.811,0.028999999999999998,15.699000000000002,0.015,5,5,4
480,481,296.26769,-14.680579999999999,14.36,0.08,-0.03,13.99,0.06,-0.08,13.71,0.06,-0.07,13.42,0.05,-0.06,12.11,-9999.0,0.17775202243083302,296.26763900000003,-14.680578,18.597,0.08199999999999999,17.038,0.026000000000000002,15.934000000000001,0.016,5,5,4
487,488,296.30352999999997,-14.741660000000001,14.39,0.05,0.05,14.0,0.05,-0.02,13.68,0.04,0.05,13.31,0.04,-0.03,11.09,0.14,0.210514965668464,296.303497,-14.741610999999999,17.877,0.047,16.639,0.025,15.513,0.016,5,5,4
494,495,296.21259,-14.80132,14.47,0.06,-0.11,14.02,0.04,-0.1,13.67,0.05,-0.07,13.43,0.05,-0.05,12.26,-9999.0,0.235179782135651,296.21252400000003,-14.801306,19.159000000000002,0.142,17.579,0.057,16.253,0.023,5,5,4
497,498,296.19167000000004,-14.82955,14.84,0.04,0.24,14.02,0.06,-0.01,13.71,0.04,-0.07,13.4,0.03,-0.08,11.84,-9999.0,0.147107341210501,296.19165,-14.829514000000001,18.039,0.055,16.576,0.023,15.404000000000002,0.012,5,5,4
504,505,296.24052,-14.84932,14.7,0.06,-0.03,14.04,0.06,-0.03,13.41,0.04,-0.08,13.1,0.05,0.11,12.56,-9999.0,0.202708931110202,296.240479,-14.849279999999998,18.845,0.10800000000000001,17.215,0.04,15.623,0.013999999999999999,5,5,4
507,508,296.30461,-14.71427,14.49,0.05,0.06,14.04,0.05,-0.04,13.68,0.06,-0.06,13.49,0.06,0.05,11.49,0.18,0.15734744062772302,296.30456499999997,-14.714274,17.845,0.044000000000000004,16.644000000000002,0.019,15.669,0.013000000000000001,5,5,4
539,540,296.21112,-14.91068,14.63,0.04,-0.02,14.12,0.05,-0.02,13.66,0.05,0.03,13.28,0.03,0.07,12.51,-9999.0,0.317876448316539,296.211029,-14.910672,19.012999999999998,0.12300000000000001,17.425,0.048,16.092,0.02,5,5,4
564,565,296.22632000000004,-14.725470000000001,14.43,0.05,-0.01,14.16,0.05,-0.03,13.76,0.02,-0.01,13.51,0.04,-0.06,10.13,-9999.0,0.242928189110827,296.226257,-14.725441,18.179000000000002,0.061,16.671,0.025,15.627,0.013999999999999999,5,5,4
592,593,296.12413,-14.724020000000001,14.51,0.04,-0.04,14.21,0.06,-0.08,14.11,0.04,-0.03,13.71,0.04,0.03,12.18,-9999.0,0.243640725400787,296.124084,-14.723969,18.18,0.057999999999999996,16.926,0.024,15.734000000000002,0.013999999999999999,5,5,4
594,595,296.32184,-14.8362,14.61,0.03,0.14,14.22,0.05,-0.02,13.93,0.02,-0.02,13.63,0.05,0.1,12.22,0.26,0.43165296149546006,296.32171600000004,-14.836197,18.041,0.045,16.737000000000002,0.023,15.843,0.015,5,5,4
607,608,296.34788,-14.757629999999999,14.63,0.06,-0.02,14.23,0.06,-0.09,13.88,0.04,-0.11,13.63,0.04,0.01,11.77,-9999.0,0.14313899354494597,296.347839,-14.757627,18.643,0.073,17.176,0.032,16.059,0.018000000000000002,5,5,4
615,616,296.18318999999997,-14.762979999999999,14.58,0.06,-0.07,14.25,0.04,-0.07,14.06,0.06,-0.16,13.65,0.03,-0.04,12.6,-9999.0,0.188292497951538,296.183136,-14.762982999999998,18.354,0.071,16.867,0.03,15.661,0.013999999999999999,5,5,4
617,618,296.24557000000004,-14.822339999999999,14.55,0.05,0.04,14.26,0.06,-0.01,13.99,0.05,0.02,13.8,0.04,-0.08,11.55,-9999.0,0.199621980262927,296.245514,-14.822351999999999,17.694000000000003,0.042,16.489,0.022000000000000002,15.565999999999999,0.013000000000000001,5,5,4
619,620,296.22933,-14.65249,14.6,0.04,0.0,14.26,0.05,-0.08,14.14,0.06,0.06,13.65,0.02,-0.07,11.03,0.12,0.177665408131344,296.229279,-14.652489000000001,17.698,0.039,16.422,0.016,15.495999999999999,0.011000000000000001,5,5,4
630,631,296.10421,-14.792539999999999,14.57,0.07,-0.03,14.28,0.03,-0.03,14.21,0.04,-0.04,13.84,0.03,-0.05,12.73,-9999.0,0.424187609466074,296.10409500000003,-14.792579000000002,17.933,0.05,16.691,0.026000000000000002,15.67,0.013999999999999999,5,5,4
642,643,296.22372,-14.83954,14.63,0.04,-0.01,14.32,0.06,0.0,14.01,0.02,0.02,13.64,0.04,0.02,12.03,-9999.0,0.2349916695541,296.223663,-14.839504999999999,17.928,0.051,16.688,0.026000000000000002,15.789000000000001,0.016,5,5,4
653,654,296.27779,-14.82281,14.68,0.04,-0.05,14.33,0.06,0.06,13.75,0.07,0.0,13.37,0.02,-0.08,12.3,-9999.0,0.282321831612042,296.27771,-14.822797,18.45,0.077,17.354,0.045,16.004,0.019,5,5,4
660,661,296.16415,-14.841460000000001,14.63,0.03,-0.02,14.34,0.08,-0.06,14.01,0.04,-0.12,13.82,0.04,-0.09,11.6,0.15,0.198386843269827,296.16409300000004,-14.841460999999999,18.66,0.092,17.131,0.037000000000000005,16.054000000000002,0.019,5,5,4
684,685,296.18369,-14.772429999999998,14.44,0.08,-0.06,14.38,0.05,-0.04,14.39,0.03,-0.05,14.01,0.05,0.16,12.11,0.2,0.24301452810757102,296.183624,-14.772407999999999,17.567999999999998,0.037000000000000005,16.327,0.019,15.38,0.012,5,5,4
691,692,296.15969,-14.85963,14.81,0.04,0.02,14.38,0.05,0.01,13.93,0.1,0.07,13.29,0.07,0.19,10.57,0.12,0.300442091413831,296.159607,-14.859653,18.204,0.063,17.033,0.035,15.841,0.016,5,5,4
693,694,296.30872,-14.8658,15.09,0.05,-0.01,14.39,0.05,-0.05,13.72,0.04,-0.03,13.3,0.03,-0.04,12.26,0.29,0.5971905248485461,296.308868,-14.865884,19.182000000000002,0.139,18.09,0.092,16.588,0.028999999999999998,5,5,4
733,734,296.23407000000003,-14.68634,14.9,0.04,0.0,14.46,0.03,-0.06,14.18,0.06,-0.09,13.72,0.03,0.0,11.58,0.15,0.22009601400889497,296.23400899999996,-14.686356,18.404,0.07,17.245,0.031,16.343,0.022000000000000002,5,5,4
750,751,296.27218999999997,-14.761370000000001,14.62,0.05,-0.06,14.49,0.06,-0.02,14.37,0.08,0.02,13.95,0.04,0.01,13.17,-9999.0,0.247713326897219,296.272125,-14.761342,18.044,0.054000000000000006,16.802,0.027999999999999997,15.640999999999998,0.013999999999999999,5,5,4
770,771,296.24573,-14.793510000000001,14.78,0.06,-0.04,14.52,0.04,-0.01,14.37,0.03,-0.05,14.14,0.05,-0.06,11.55,0.14,0.223496945009468,296.24566699999997,-14.793498000000001,17.739,0.043,16.518,0.022000000000000002,15.535,0.013000000000000001,5,5,4
782,783,296.20345,-14.789439999999999,14.96,0.06,-0.05,14.54,0.04,-0.04,14.27,0.03,-0.15,13.92,0.05,-0.02,12.17,-9999.0,0.174185551082947,296.2034,-14.789442000000001,18.498,0.081,17.274,0.043,16.259,0.023,5,5,4
810,811,296.11262999999997,-14.91131,14.63,0.08,-0.05,14.58,0.15,0.31,13.97,0.04,-0.03,13.51,0.04,0.0,12.83,-9999.0,0.37091460205725,296.112549,-14.911376999999998,18.480999999999998,0.079,16.717,0.027000000000000003,15.422,0.012,5,5,4
811,812,296.06145,-14.8147,14.89,0.08,-0.05,14.58,0.05,-0.04,14.22,0.06,-0.09,13.91,0.06,-0.01,12.13,-9999.0,0.170877716316047,296.061401,-14.814703,18.406,0.084,16.982,0.033,15.804,0.016,5,5,4
856,857,296.14661,-14.859729999999999,15.07,0.04,0.0,14.65,0.04,-0.02,14.29,0.06,0.0,13.89,0.03,-0.05,12.06,0.25,0.140398699782553,296.146576,-14.859709,18.627,0.09,17.378,0.046,16.26,0.023,5,5,4
935,936,296.19487999999996,-14.822610000000001,14.9,0.04,0.14,14.72,0.06,0.13,14.63,0.04,0.36,14.09,0.03,0.06,12.0,0.19,0.571892387629162,296.19491600000003,-14.822455,18.242,0.065,16.964000000000002,0.033,15.829,0.016,5,5,4
1067,1068,296.17439,-14.83888,14.93,0.03,0.02,14.85,0.1,0.17,14.5,0.04,0.01,14.08,0.05,-0.21,9.8,0.05,0.570596203805531,296.174377,-14.838722,18.485,0.08,17.327,0.044000000000000004,16.084,0.02,5,5,4
1069,1070,296.40278,-14.79796,15.19,0.07,0.08,14.85,0.05,-0.05,14.46,0.04,-0.14,14.48,0.07,0.22,12.68,-9999.0,0.139409929037418,296.40274,-14.797958,18.368,0.057999999999999996,17.255,0.034,16.283,0.022000000000000002,5,5,4
1090,1091,296.24964,-14.71938,15.34,0.05,-0.02,14.86,0.07,-0.04,14.24,0.05,-0.12,13.88,0.05,-0.05,11.98,-9999.0,0.22135223217424999,296.249603,-14.71943,18.472,0.078,17.557000000000002,0.054000000000000006,16.584,0.031,5,5,4
1110,1111,296.3106,-14.78295,15.29,0.06,0.04,14.87,0.08,-0.1,14.61,0.06,-0.14,14.26,0.05,-0.17,12.82,-9999.0,0.0946025678420855,296.310577,-14.782964000000002,18.859,0.107,17.852,0.07200000000000001,16.593,0.033,5,5,4
1153,1154,296.27749,-14.87469,15.01,0.04,-0.08,14.91,0.04,-0.01,14.66,0.06,-0.13,14.28,0.06,0.04,11.84,-9999.0,0.456082935654992,296.277374,-14.874630999999999,18.677,0.092,17.301,0.043,16.294,0.023,5,5,4
1159,1160,296.17514,-14.859689999999999,14.83,0.05,-0.07,14.91,0.07,0.21,14.38,0.04,-0.12,14.31,0.04,0.02,12.18,-9999.0,0.455668216571557,296.175018,-14.859735999999998,17.985,0.053,16.713,0.027000000000000003,15.672,0.013999999999999999,5,5,4
1174,1175,296.24627000000004,-14.86645,14.93,0.03,-0.08,14.92,0.03,-0.09,14.94,0.06,-0.13,14.46,0.05,0.09,12.87,-9999.0,0.18913022936365698,296.246216,-14.866456,17.840999999999998,0.046,16.566,0.023,15.636,0.013999999999999999,5,5,4
1185,1186,296.31615,-14.824929999999998,14.85,0.05,0.0,14.93,0.04,-0.04,14.96,0.04,-0.05,14.39,0.04,-0.12,12.94,-9999.0,0.7869206183682691,296.316376,-14.824923000000002,19.144000000000002,0.11,19.093,0.16699999999999998,15.412,0.011000000000000001,5,5,4
1310,1311,296.16007,-14.71459,15.05,0.04,0.0,15.01,0.07,-0.04,14.94,0.05,-0.01,14.58,0.07,-0.04,12.7,-9999.0,0.12540120688165401,296.160034,-14.714591,17.793,0.042,16.505,0.017,15.665999999999999,0.013000000000000001,5,5,4
1315,1316,296.31143,-14.838870000000002,15.22,0.06,0.01,15.01,0.05,-0.01,14.77,0.08,0.05,14.43,0.04,-0.06,12.33,-9999.0,0.215299498017432,296.311371,-14.838888,18.594,0.085,17.657,0.061,16.392,0.025,5,5,4
1326,1327,296.16806,-14.836920000000001,15.13,0.04,-0.05,15.02,0.07,-0.08,14.76,0.04,-0.37,14.26,0.03,-0.18,11.9,-9999.0,0.10593949929424301,296.16803,-14.836925,18.081,0.057,16.862000000000002,0.03,15.934000000000001,0.018000000000000002,5,5,4
1472,1473,296.38454,-14.7362,15.37,0.04,-0.06,15.12,0.1,-0.14,14.95,0.05,-0.3,14.62,0.09,-0.65,11.47,0.1,0.103191476229786,296.384521,-14.736178,18.139,0.048,16.919,0.026000000000000002,16.008,0.018000000000000002,5,5,4
1994,1995,296.11257,-14.911570000000001,14.63,0.08,-0.09,15.44,0.29,1.12,13.97,0.04,-0.09,13.51,0.03,-9999.0,12.65,0.29,0.6986300501426039,296.112549,-14.911376999999998,18.480999999999998,0.079,16.717,0.027000000000000003,15.422,0.012,5,5,4
2094,2095,296.18646,-14.79796,15.92,0.06,-0.01,15.48,0.04,-0.06,15.15,0.03,0.05,14.86,0.05,0.09,12.26,-9999.0,0.777202237588753,296.186371,-14.797761999999999,19.467,0.18100000000000002,18.139,0.08900000000000001,17.323,0.055,5,5,4
2159,2160,296.24275,-14.787270000000001,15.35,0.03,0.69,15.51,0.06,0.77,14.46,0.08,0.6,13.45,0.06,1.07,6.68,0.01,0.384303982651646,296.24264500000004,-14.787303,18.35,0.07,17.014,0.034,16.192,0.022000000000000002,5,5,4
2321,2322,296.23242,-14.79319,15.62,0.06,-0.06,15.6,0.05,-0.07,15.17,0.04,0.01,14.83,0.08,0.16,11.16,0.19,0.205863987853355,296.23236099999997,-14.793185999999999,18.301,0.068,17.299,0.044000000000000004,16.644000000000002,0.031,5,5,4
2376,2377,296.24116000000004,-14.93741,15.91,0.05,-0.07,15.62,0.11,0.03,15.17,0.09,-0.13,14.67,0.08,-0.05,13.44,-9999.0,0.39043096873902,296.241089,-14.937494000000001,18.914,0.113,17.775,0.064,16.912,0.039,5,5,4
3228,3229,296.1962,-14.94345,16.21,0.07,0.21,15.96,0.07,0.09,15.18,0.08,-0.03,14.68,0.07,0.08,9.73,0.03,0.22286989020674802,296.19613599999997,-14.943447,18.750999999999998,0.098,18.253,0.09300000000000001,17.332,0.06,5,5,4
4100,4101,296.33242,-14.90311,16.15,0.05,-0.02,16.23,0.07,0.09,15.69,0.09,-0.1,15.01,0.06,-0.18,12.2,-9999.0,0.231751696004227,296.332367,-14.903070999999999,19.212,0.11699999999999999,18.149,0.076,17.27,0.049,5,5,4
